Cluster 1,Cluster 2,Intercluster Strength
roofing / schools / hospitals / serves commercial,installs solar panels / solar energy systems / rooftop solar panels / commercial solar,0.008295625942684766
air conditioning / valves / heaters / gauges,Backup,0.0070921985815602835
installs solar panels / solar energy systems / rooftop solar panels / commercial solar,offers solar panels / pv panels / installs solar photovoltaic / service solar provider,0.006773101112723754
roofing / schools / hospitals / serves commercial,steel / metal / mounting systems / milling,0.006750241080038573
alarm / emergency response / low voltage / traffic signal,roofing / schools / hospitals / serves commercial,0.006127450980392157
interior / glass products / curtain / shades,roofing / schools / hospitals / serves commercial,0.0058823529411764705
ion / energy storage solutions / electrochemical / fuel cell technology,wheels / auxiliary / rigging / vans,0.005555555555555555
Backup,heat pumps / plumbing / boilers / pumps,0.00546448087431694
installs solar panels / solar energy systems / rooftop solar panels / commercial solar,power systems / solar electric / wholesale / charge controllers,0.005424063116370809
thin film solar / crystalline silicon / amorphous silicon / thin film photovoltaic,transparent / sample / roll to roll / substrates,0.005405405405405406
installers / homeowners / finance / bill,Backup,0.005333333333333333
analytics / crop / farmers / data driven,mapping / imagery / maps / remote sensing,0.005230880230880231
media / advertising / social / digital marketing,regional / startups / delivering innovative / sales and marketing,0.00510204081632653
hot water / solar thermal / water heating / heating systems,power systems / solar electric / wholesale / charge controllers,0.005060728744939271
alarm / emergency response / low voltage / traffic signal,detection / search and rescue / enforcement / threats,0.0049435028248587575
crystalline / manufactures solar panels / wafers / solar modules,thin film solar / crystalline silicon / amorphous silicon / thin film photovoltaic,0.004914004914004914
Backup,lamps / solar street / lighting products / solar water,0.0045045045045045045
media / advertising / social / digital marketing,photography / real estate / filming / imaging,0.004398826979472141
offers solar panels / pv panels / installs solar photovoltaic / service solar provider,power systems / solar electric / wholesale / charge controllers,0.0043541364296081275
power systems / solar electric / wholesale / charge controllers,solar panel installation / installation services / residential and commercial / services solar panel,0.004273504273504274
flat panel / coatings / chemicals / fluids,printed / substrates / panel displays / wafer,0.004060734463276836
crystalline / manufactures solar panels / wafers / solar modules,offers solar panels / pv panels / installs solar photovoltaic / service solar provider,0.004002287021154946
learning / robots / artificial intelligence / computer vision,things / autonomous drone / fleets / human intervention,0.0037858301784748517
tracking system / platform for detecting / hundreds of solar / solar tracking,reality / virtual / racing / vr,0.0037735849056603774
heat pumps / plumbing / boilers / pumps,hot water / solar thermal / water heating / heating systems,0.0037388553350589586
things / autonomous drone / fleets / human intervention,drone technology / commerce / retail store / delivery service,0.003617571059431525
dc / inverter / power conversion / battery chargers,power systems / solar electric / wholesale / charge controllers,0.0034965034965034965
things / autonomous drone / fleets / human intervention,supply chain / food and beverage / health care / food delivery,0.003419972640218878
printed / substrates / panel displays / wafer,transparent / sample / roll to roll / substrates,0.003389830508474576
app / fly / footage / iphone,media / advertising / social / digital marketing,0.0032467532467532465
installers / homeowners / finance / bill,power systems / solar electric / wholesale / charge controllers,0.003230769230769231
axis / temperatures / thermal energy / waste heat,tracking system / platform for detecting / hundreds of solar / solar tracking,0.0032258064516129032
photography / real estate / filming / imaging,pilots / drone operators / drone management / commercial drone,0.00312578144536134
installers / homeowners / finance / bill,installs solar panels / solar energy systems / rooftop solar panels / commercial solar,0.003076923076923077
detection / search and rescue / enforcement / threats,defense / satellite / helicopters / propulsion,0.0030071077091306723
insurance / cargo / professional indemnity insurance / offers commercial property,pilots / drone operators / drone management / commercial drone,0.002990033222591362
defense / satellite / helicopters / propulsion,wireless / satellite / demand response / ip,0.0029868578255675027
voltaic / photovoltaic solar panels / mw / ground mounted,crystalline / manufactures solar panels / wafers / solar modules,0.002795815295815296
games / fun / maker / programming language,regional / startups / delivering innovative / sales and marketing,0.0027926960257787328
air conditioning / valves / heaters / gauges,heat pumps / plumbing / boilers / pumps,0.0027903732124171608
roofing / schools / hospitals / serves commercial,offers solar panels / pv panels / installs solar photovoltaic / service solar provider,0.002774694783573807
dc / inverter / power conversion / battery chargers,lamps / solar street / lighting products / solar water,0.0027641277641277644
alarm / emergency response / low voltage / traffic signal,heat pumps / plumbing / boilers / pumps,0.00273224043715847
mapping / imagery / maps / remote sensing,photography / real estate / filming / imaging,0.002653260717776847
unmanned aerial vehicles / uavs / payload / fixed wing,uas / unmanned aircraft systems / unmanned aerial systems / uas industry,0.0025974025974025974
interior / glass products / curtain / shades,steel / metal / mounting systems / milling,0.0025220680958385876
games / fun / maker / programming language,media / advertising / social / digital marketing,0.0023923444976076554
games / fun / maker / programming language,reality / virtual / racing / vr,0.0023833167825223437
lamps / solar street / lighting products / solar water,power systems / solar electric / wholesale / charge controllers,0.002338877338877339
installers / homeowners / finance / bill,insurance / cargo / professional indemnity insurance / offers commercial property,0.002285714285714286
dc / inverter / power conversion / battery chargers,ion / energy storage solutions / electrochemical / fuel cell technology,0.0022727272727272726
dc / inverter / power conversion / battery chargers,wheels / auxiliary / rigging / vans,0.0022727272727272726
regional / startups / delivering innovative / sales and marketing,uas / unmanned aircraft systems / unmanned aerial systems / uas industry,0.0022675736961451248
detection / search and rescue / enforcement / threats,uas / unmanned aircraft systems / unmanned aerial systems / uas industry,0.0022598870056497176
printed / substrates / panel displays / wafer,steel / metal / mounting systems / milling,0.0022228396776882466
installers / homeowners / finance / bill,solar panel installation / installation services / residential and commercial / services solar panel,0.0022222222222222222
air conditioning / valves / heaters / gauges,flat panel / coatings / chemicals / fluids,0.002216312056737589
wheels / auxiliary / rigging / vans,steel / metal / mounting systems / milling,0.002185792349726776
things / autonomous drone / fleets / human intervention,pilots / drone operators / drone management / commercial drone,0.002163331530557058
axis / temperatures / thermal energy / waste heat,ion / energy storage solutions / electrochemical / fuel cell technology,0.002150537634408602
ion / energy storage solutions / electrochemical / fuel cell technology,phone / solar powered / plug / rechargeable,0.002127659574468085
air conditioning / valves / heaters / gauges,steel / metal / mounting systems / milling,0.0020927799093128706
drone technology / commerce / retail store / delivery service,pilots / drone operators / drone management / commercial drone,0.0020671834625323
voltaic / photovoltaic solar panels / mw / ground mounted,installs solar panels / solar energy systems / rooftop solar panels / commercial solar,0.0020604395604395605
wheels / auxiliary / rigging / vans,interior / glass products / curtain / shades,0.0020512820512820513
learning / robots / artificial intelligence / computer vision,reality / virtual / racing / vr,0.002047681731753693
audio / cards / music / speakers,media / advertising / social / digital marketing,0.0020138089758342925
lamps / solar street / lighting products / solar water,phone / solar powered / plug / rechargeable,0.0020126509488211618
axis / temperatures / thermal energy / waste heat,hot water / solar thermal / water heating / heating systems,0.0019807583474816073
cleaning / national grid / domestic properties / surplus electricity produced,interior / glass products / curtain / shades,0.001972386587771203
drone technology / commerce / retail store / delivery service,supply chain / food and beverage / health care / food delivery,0.00196078431372549
audio / cards / music / speakers,power systems / solar electric / wholesale / charge controllers,0.0019474196689386564
dc / inverter / power conversion / battery chargers,wind turbines / turbine / alternative energy / energy products,0.0019342359767891683
heat pumps / plumbing / boilers / pumps,roofing / schools / hospitals / serves commercial,0.0019286403085824494
wheels / auxiliary / rigging / vans,insurance / cargo / professional indemnity insurance / offers commercial property,0.0019047619047619048
tracking system / platform for detecting / hundreds of solar / solar tracking,wireless / satellite / demand response / ip,0.001851851851851852
media / advertising / social / digital marketing,pilots / drone operators / drone management / commercial drone,0.0018498942917547568
crystalline / manufactures solar panels / wafers / solar modules,installs solar panels / solar energy systems / rooftop solar panels / commercial solar,0.0018130018130018129
unmanned aerial vehicles / uavs / payload / fixed wing,things / autonomous drone / fleets / human intervention,0.001812141347025068
app / fly / footage / iphone,pilots / drone operators / drone management / commercial drone,0.0017889087656529517
tracking system / platform for detecting / hundreds of solar / solar tracking,voltaic / photovoltaic solar panels / mw / ground mounted,0.0017857142857142859
ion / energy storage solutions / electrochemical / fuel cell technology,wind turbines / turbine / alternative energy / energy products,0.0017730496453900709
supply chain / food and beverage / health care / food delivery,roofing / schools / hospitals / serves commercial,0.0017301038062283738
things / autonomous drone / fleets / human intervention,wireless / satellite / demand response / ip,0.0017226528854435831
drone technology / commerce / retail store / delivery service,power systems / solar electric / wholesale / charge controllers,0.0017094017094017094
roofing / schools / hospitals / serves commercial,power systems / solar electric / wholesale / charge controllers,0.0016968325791855204
axis / temperatures / thermal energy / waste heat,voltaic / photovoltaic solar panels / mw / ground mounted,0.0015841013824884793
analytics / crop / farmers / data driven,uas / unmanned aircraft systems / unmanned aerial systems / uas industry,0.00154320987654321
alarm / emergency response / low voltage / traffic signal,wireless / satellite / demand response / ip,0.0015432098765432098
axis / temperatures / thermal energy / waste heat,thin film solar / crystalline silicon / amorphous silicon / thin film photovoltaic,0.0015257192676547515
mapping / imagery / maps / remote sensing,pilots / drone operators / drone management / commercial drone,0.0015101177891875565
air conditioning / valves / heaters / gauges,hot water / solar thermal / water heating / heating systems,0.0014930944382232176
unmanned aerial vehicles / uavs / payload / fixed wing,defense / satellite / helicopters / propulsion,0.001466275659824047
axis / temperatures / thermal energy / waste heat,dc / inverter / power conversion / battery chargers,0.001466275659824047
insurance / cargo / professional indemnity insurance / offers commercial property,installs solar panels / solar energy systems / rooftop solar panels / commercial solar,0.0014652014652014652
installers / homeowners / finance / bill,dc / inverter / power conversion / battery chargers,0.0014545454545454547
defense / satellite / helicopters / propulsion,uas / unmanned aircraft systems / unmanned aerial systems / uas industry,0.0014336917562724014
unmanned aerial vehicles / uavs / payload / fixed wing,app / fly / footage / iphone,0.0014271442842871413
app / fly / footage / iphone,phone / solar powered / plug / rechargeable,0.001402852466682254
axis / temperatures / thermal energy / waste heat,transparent / sample / roll to roll / substrates,0.0013824884792626728
app / fly / footage / iphone,learning / robots / artificial intelligence / computer vision,0.0013629781071641538
installers / homeowners / finance / bill,wind turbines / turbine / alternative energy / energy products,0.0013617021276595745
installers / homeowners / finance / bill,phone / solar powered / plug / rechargeable,0.0013617021276595745
cleaning / national grid / domestic properties / surplus electricity produced,installs solar panels / solar energy systems / rooftop solar panels / commercial solar,0.0013149243918474686
media / advertising / social / digital marketing,reality / virtual / racing / vr,0.0012864493996569467
dc / inverter / power conversion / battery chargers,wireless / satellite / demand response / ip,0.0012626262626262625
steel / metal / mounting systems / milling,offers solar panels / pv panels / installs solar photovoltaic / service solar provider,0.0012372409526755336
games / fun / maker / programming language,pilots / drone operators / drone management / commercial drone,0.0012239902080783353
unmanned aerial vehicles / uavs / payload / fixed wing,pilots / drone operators / drone management / commercial drone,0.0012080942313500453
audio / cards / music / speakers,games / fun / maker / programming language,0.0011992005329780147
flat panel / coatings / chemicals / fluids,transparent / sample / roll to roll / substrates,0.0011904761904761904
alarm / emergency response / low voltage / traffic signal,transparent / sample / roll to roll / substrates,0.0011904761904761904
voltaic / photovoltaic solar panels / mw / ground mounted,ion / energy storage solutions / electrochemical / fuel cell technology,0.0011904761904761904
regional / startups / delivering innovative / sales and marketing,transparent / sample / roll to roll / substrates,0.0011661807580174927
alarm / emergency response / low voltage / traffic signal,solar panel installation / installation services / residential and commercial / services solar panel,0.0011574074074074073
audio / cards / music / speakers,drone technology / commerce / retail store / delivery service,0.0011251758087201125
unmanned aerial vehicles / uavs / payload / fixed wing,photography / real estate / filming / imaging,0.0011171624074849881
learning / robots / artificial intelligence / computer vision,mapping / imagery / maps / remote sensing,0.0011074197120708748
wheels / auxiliary / rigging / vans,defense / satellite / helicopters / propulsion,0.001075268817204301
offers solar panels / pv panels / installs solar photovoltaic / service solar provider,solar panel installation / installation services / residential and commercial / services solar panel,0.0010482180293501049
pilots / drone operators / drone management / commercial drone,uas / unmanned aircraft systems / unmanned aerial systems / uas industry,0.0010335917312661498
axis / temperatures / thermal energy / waste heat,phone / solar powered / plug / rechargeable,0.001029512697323267
unmanned aerial vehicles / uavs / payload / fixed wing,drone technology / commerce / retail store / delivery service,0.00101010101010101
lamps / solar street / lighting products / solar water,wind turbines / turbine / alternative energy / energy products,0.0010063254744105809
drone technology / commerce / retail store / delivery service,uas / unmanned aircraft systems / unmanned aerial systems / uas industry,0.0009876543209876543
detection / search and rescue / enforcement / threats,pilots / drone operators / drone management / commercial drone,0.0009854158454867953
supply chain / food and beverage / health care / food delivery,wheels / auxiliary / rigging / vans,0.000980392156862745
things / autonomous drone / fleets / human intervention,games / fun / maker / programming language,0.0009791921664626683
things / autonomous drone / fleets / human intervention,analytics / crop / farmers / data driven,0.0009689922480620155
photography / real estate / filming / imaging,uas / unmanned aircraft systems / unmanned aerial systems / uas industry,0.000955794504181601
unmanned aerial vehicles / uavs / payload / fixed wing,supply chain / food and beverage / health care / food delivery,0.0009549274255156607
things / autonomous drone / fleets / human intervention,regional / startups / delivering innovative / sales and marketing,0.0009492168960607499
roofing / schools / hospitals / serves commercial,photography / real estate / filming / imaging,0.0009487666034155598
app / fly / footage / iphone,photography / real estate / filming / imaging,0.0009452912678719131
unmanned aerial vehicles / uavs / payload / fixed wing,regional / startups / delivering innovative / sales and marketing,0.0009276437847866419
app / fly / footage / iphone,games / fun / maker / programming language,0.0009253903990746096
supply chain / food and beverage / health care / food delivery,flat panel / coatings / chemicals / fluids,0.0009191176470588236
app / fly / footage / iphone,alarm / emergency response / low voltage / traffic signal,0.0009157509157509159
voltaic / photovoltaic solar panels / mw / ground mounted,regional / startups / delivering innovative / sales and marketing,0.0009110787172011662
lamps / solar street / lighting products / solar water,wheels / auxiliary / rigging / vans,0.0009009009009009009
learning / robots / artificial intelligence / computer vision,games / fun / maker / programming language,0.000897592819257446
unmanned aerial vehicles / uavs / payload / fixed wing,games / fun / maker / programming language,0.0008885850991114149
hot water / solar thermal / water heating / heating systems,crystalline / manufactures solar panels / wafers / solar modules,0.0008860535176324649
interior / glass products / curtain / shades,transparent / sample / roll to roll / substrates,0.0008791208791208791
cleaning / national grid / domestic properties / surplus electricity produced,printed / substrates / panel displays / wafer,0.0008691873098652759
cleaning / national grid / domestic properties / surplus electricity produced,detection / search and rescue / enforcement / threats,0.0008691873098652759
air conditioning / valves / heaters / gauges,lamps / solar street / lighting products / solar water,0.0008625646923519264
learning / robots / artificial intelligence / computer vision,analytics / crop / farmers / data driven,0.0008613264427217916
dc / inverter / power conversion / battery chargers,offers solar panels / pv panels / installs solar photovoltaic / service solar provider,0.0008576329331046312
unmanned aerial vehicles / uavs / payload / fixed wing,mapping / imagery / maps / remote sensing,0.0008433125316242198
steel / metal / mounting systems / milling,installs solar panels / solar energy systems / rooftop solar panels / commercial solar,0.0008406893652795292
drone technology / commerce / retail store / delivery service,reality / virtual / racing / vr,0.0008385744234800839
app / fly / footage / iphone,reality / virtual / racing / vr,0.0008293593199253577
regional / startups / delivering innovative / sales and marketing,thin film solar / crystalline silicon / amorphous silicon / thin film photovoltaic,0.000827357970215113
power systems / solar electric / wholesale / charge controllers,wind turbines / turbine / alternative energy / energy products,0.0008183306055646482
supply chain / food and beverage / health care / food delivery,analytics / crop / farmers / data driven,0.0008169934640522876
roofing / schools / hospitals / serves commercial,solar panel installation / installation services / residential and commercial / services solar panel,0.0008169934640522876
supply chain / food and beverage / health care / food delivery,wireless / satellite / demand response / ip,0.0008169934640522876
unmanned aerial vehicles / uavs / payload / fixed wing,learning / robots / artificial intelligence / computer vision,0.0008053961542333636
offers solar panels / pv panels / installs solar photovoltaic / service solar provider,wind turbines / turbine / alternative energy / energy products,0.0008028904054596547
axis / temperatures / thermal energy / waste heat,steel / metal / mounting systems / milling,0.0007932310946589106
phone / solar powered / plug / rechargeable,wireless / satellite / demand response / ip,0.0007880220646178092
detection / search and rescue / enforcement / threats,wireless / satellite / demand response / ip,0.0007846829880728185
audio / cards / music / speakers,regional / startups / delivering innovative / sales and marketing,0.0007749935417204857
cleaning / national grid / domestic properties / surplus electricity produced,roofing / schools / hospitals / serves commercial,0.0007541478129713423
cleaning / national grid / domestic properties / surplus electricity produced,supply chain / food and beverage / health care / food delivery,0.0007541478129713423
drone technology / commerce / retail store / delivery service,detection / search and rescue / enforcement / threats,0.0007532956685499058
dc / inverter / power conversion / battery chargers,steel / metal / mounting systems / milling,0.0007451564828614009
audio / cards / music / speakers,supply chain / food and beverage / health care / food delivery,0.0007446016381236039
drone technology / commerce / retail store / delivery service,wheels / auxiliary / rigging / vans,0.0007407407407407408
voltaic / photovoltaic solar panels / mw / ground mounted,installers / homeowners / finance / bill,0.0007142857142857143
audio / cards / music / speakers,wireless / satellite / demand response / ip,0.0007032348804500703
app / fly / footage / iphone,audio / cards / music / speakers,0.0006955070246209487
learning / robots / artificial intelligence / computer vision,drone technology / commerce / retail store / delivery service,0.0006890611541774332
learning / robots / artificial intelligence / computer vision,supply chain / food and beverage / health care / food delivery,0.0006839945280437756
voltaic / photovoltaic solar panels / mw / ground mounted,offers solar panels / pv panels / installs solar photovoltaic / service solar provider,0.000673854447439353
dc / inverter / power conversion / battery chargers,roofing / schools / hospitals / serves commercial,0.0006684491978609626
things / autonomous drone / fleets / human intervention,insurance / cargo / professional indemnity insurance / offers commercial property,0.000664451827242525
things / autonomous drone / fleets / human intervention,transparent / sample / roll to roll / substrates,0.000664451827242525
hot water / solar thermal / water heating / heating systems,offers solar panels / pv panels / installs solar photovoltaic / service solar provider,0.0006620324395895398
air conditioning / valves / heaters / gauges,interior / glass products / curtain / shades,0.0006546644844517184
media / advertising / social / digital marketing,insurance / cargo / professional indemnity insurance / offers commercial property,0.0006493506493506494
audio / cards / music / speakers,cleaning / national grid / domestic properties / surplus electricity produced,0.0006491398896462187
analytics / crop / farmers / data driven,wireless / satellite / demand response / ip,0.0006430041152263374
wheels / auxiliary / rigging / vans,power systems / solar electric / wholesale / charge controllers,0.000641025641025641
drone technology / commerce / retail store / delivery service,insurance / cargo / professional indemnity insurance / offers commercial property,0.0006349206349206349
games / fun / maker / programming language,roofing / schools / hospitals / serves commercial,0.0006191950464396285
dc / inverter / power conversion / battery chargers,thin film solar / crystalline silicon / amorphous silicon / thin film photovoltaic,0.0006142506142506142
voltaic / photovoltaic solar panels / mw / ground mounted,dc / inverter / power conversion / battery chargers,0.0006087662337662338
air conditioning / valves / heaters / gauges,transparent / sample / roll to roll / substrates,0.00060790273556231
mapping / imagery / maps / remote sensing,wireless / satellite / demand response / ip,0.0006012506012506012
photography / real estate / filming / imaging,solar panel installation / installation services / residential and commercial / services solar panel,0.0005973715651135007
audio / cards / music / speakers,interior / glass products / curtain / shades,0.0005842259006815969
regional / startups / delivering innovative / sales and marketing,insurance / cargo / professional indemnity insurance / offers commercial property,0.0005830903790087463
voltaic / photovoltaic solar panels / mw / ground mounted,wind turbines / turbine / alternative energy / energy products,0.0005699088145896656
air conditioning / valves / heaters / gauges,voltaic / photovoltaic solar panels / mw / ground mounted,0.0005699088145896656
printed / substrates / panel displays / wafer,ion / energy storage solutions / electrochemical / fuel cell technology,0.0005649717514124294
installers / homeowners / finance / bill,hot water / solar thermal / water heating / heating systems,0.0005614035087719298
crystalline / manufactures solar panels / wafers / solar modules,solar panel installation / installation services / residential and commercial / services solar panel,0.0005611672278338945
app / fly / footage / iphone,detection / search and rescue / enforcement / threats,0.0005587632706276774
unmanned aerial vehicles / uavs / payload / fixed wing,insurance / cargo / professional indemnity insurance / offers commercial property,0.0005565862708719852
photography / real estate / filming / imaging,installs solar panels / solar energy systems / rooftop solar panels / commercial solar,0.0005514199062586159
unmanned aerial vehicles / uavs / payload / fixed wing,detection / search and rescue / enforcement / threats,0.000550297160466652
heat pumps / plumbing / boilers / pumps,wheels / auxiliary / rigging / vans,0.000546448087431694
lamps / solar street / lighting products / solar water,crystalline / manufactures solar panels / wafers / solar modules,0.000546000546000546
air conditioning / valves / heaters / gauges,cleaning / national grid / domestic properties / surplus electricity produced,0.0005455537370430987
air conditioning / valves / heaters / gauges,installs solar panels / solar energy systems / rooftop solar panels / commercial solar,0.0005455537370430987
axis / temperatures / thermal energy / waste heat,wheels / auxiliary / rigging / vans,0.0005376344086021505
wireless / satellite / demand response / ip,transparent / sample / roll to roll / substrates,0.000529100529100529
heat pumps / plumbing / boilers / pumps,wind turbines / turbine / alternative energy / energy products,0.0005231949773282176
printed / substrates / panel displays / wafer,interior / glass products / curtain / shades,0.0005215123859191656
ion / energy storage solutions / electrochemical / fuel cell technology,interior / glass products / curtain / shades,0.0005128205128205128
flat panel / coatings / chemicals / fluids,steel / metal / mounting systems / milling,0.0005122950819672131
app / fly / footage / iphone,things / autonomous drone / fleets / human intervention,0.0005111167901865576
voltaic / photovoltaic solar panels / mw / ground mounted,transparent / sample / roll to roll / substrates,0.000510204081632653
lamps / solar street / lighting products / solar water,offers solar panels / pv panels / installs solar photovoltaic / service solar provider,0.0005099439061703213
drone technology / commerce / retail store / delivery service,media / advertising / social / digital marketing,0.000505050505050505
heat pumps / plumbing / boilers / pumps,interior / glass products / curtain / shades,0.0005044136191677175
supply chain / food and beverage / health care / food delivery,detection / search and rescue / enforcement / threats,0.0004985044865403788
steel / metal / mounting systems / milling,crystalline / manufactures solar panels / wafers / solar modules,0.0004967709885742673
hot water / solar thermal / water heating / heating systems,solar panel installation / installation services / residential and commercial / services solar panel,0.0004873294346978557
printed / substrates / panel displays / wafer,insurance / cargo / professional indemnity insurance / offers commercial property,0.00048426150121065375
cleaning / national grid / domestic properties / surplus electricity produced,offers solar panels / pv panels / installs solar photovoltaic / service solar provider,0.0004837929366231253
air conditioning / valves / heaters / gauges,dc / inverter / power conversion / battery chargers,0.00048355899419729207
dc / inverter / power conversion / battery chargers,phone / solar powered / plug / rechargeable,0.00048355899419729207
voltaic / photovoltaic solar panels / mw / ground mounted,thin film solar / crystalline silicon / amorphous silicon / thin film photovoltaic,0.0004826254826254826
audio / cards / music / speakers,reality / virtual / racing / vr,0.0004776689754000478
hot water / solar thermal / water heating / heating systems,thin film solar / crystalline silicon / amorphous silicon / thin film photovoltaic,0.00047415836889521095
installers / homeowners / finance / bill,roofing / schools / hospitals / serves commercial,0.00047058823529411766
heat pumps / plumbing / boilers / pumps,insurance / cargo / professional indemnity insurance / offers commercial property,0.000468384074941452
games / fun / maker / programming language,uas / unmanned aircraft systems / unmanned aerial systems / uas industry,0.0004678362573099415
regional / startups / delivering innovative / sales and marketing,dc / inverter / power conversion / battery chargers,0.0004638218923933209
insurance / cargo / professional indemnity insurance / offers commercial property,defense / satellite / helicopters / propulsion,0.0004608294930875576
steel / metal / mounting systems / milling,solar panel installation / installation services / residential and commercial / services solar panel,0.0004553734061930783
heat pumps / plumbing / boilers / pumps,solar panel installation / installation services / residential and commercial / services solar panel,0.0004553734061930783
drone technology / commerce / retail store / delivery service,regional / startups / delivering innovative / sales and marketing,0.00045351473922902497
installers / homeowners / finance / bill,offers solar panels / pv panels / installs solar photovoltaic / service solar provider,0.0004528301886792453
ion / energy storage solutions / electrochemical / fuel cell technology,thin film solar / crystalline silicon / amorphous silicon / thin film photovoltaic,0.00045045045045045046
cleaning / national grid / domestic properties / surplus electricity produced,hot water / solar thermal / water heating / heating systems,0.00044984255510571296
alarm / emergency response / low voltage / traffic signal,photography / real estate / filming / imaging,0.00044802867383512545
games / fun / maker / programming language,phone / solar powered / plug / rechargeable,0.00044792833146696526
interior / glass products / curtain / shades,insurance / cargo / professional indemnity insurance / offers commercial property,0.00043956043956043956
pilots / drone operators / drone management / commercial drone,reality / virtual / racing / vr,0.00043878894251864854
audio / cards / music / speakers,ion / energy storage solutions / electrochemical / fuel cell technology,0.0004219409282700422
cleaning / national grid / domestic properties / surplus electricity produced,steel / metal / mounting systems / milling,0.0004203446826397646
cleaning / national grid / domestic properties / surplus electricity produced,heat pumps / plumbing / boilers / pumps,0.0004203446826397646
axis / temperatures / thermal energy / waste heat,cleaning / national grid / domestic properties / surplus electricity produced,0.00041356492969396195
axis / temperatures / thermal energy / waste heat,installs solar panels / solar energy systems / rooftop solar panels / commercial solar,0.00041356492969396195
audio / cards / music / speakers,photography / real estate / filming / imaging,0.0004083299305839118
app / fly / footage / iphone,wireless / satellite / demand response / ip,0.00040700040700040704
phone / solar powered / plug / rechargeable,offers solar panels / pv panels / installs solar photovoltaic / service solar provider,0.0004014452027298274
lamps / solar street / lighting products / solar water,roofing / schools / hospitals / serves commercial,0.000397456279809221
analytics / crop / farmers / data driven,insurance / cargo / professional indemnity insurance / offers commercial property,0.0003968253968253968
things / autonomous drone / fleets / human intervention,detection / search and rescue / enforcement / threats,0.00039416633819471815
regional / startups / delivering innovative / sales and marketing,reality / virtual / racing / vr,0.0003850596842510589
dc / inverter / power conversion / battery chargers,defense / satellite / helicopters / propulsion,0.00036656891495601173
detection / search and rescue / enforcement / threats,photography / real estate / filming / imaging,0.00036449790413705123
media / advertising / social / digital marketing,installers / homeowners / finance / bill,0.00036363636363636367
voltaic / photovoltaic solar panels / mw / ground mounted,lamps / solar street / lighting products / solar water,0.00036196911196911195
drone technology / commerce / retail store / delivery service,defense / satellite / helicopters / propulsion,0.00035842293906810036
ion / energy storage solutions / electrochemical / fuel cell technology,photography / real estate / filming / imaging,0.00035842293906810036
regional / startups / delivering innovative / sales and marketing,hot water / solar thermal / water heating / heating systems,0.0003580379520229144
detection / search and rescue / enforcement / threats,games / fun / maker / programming language,0.0003568242640499554
wheels / auxiliary / rigging / vans,wind turbines / turbine / alternative energy / energy products,0.00035460992907801415
app / fly / footage / iphone,installers / homeowners / finance / bill,0.0003516483516483517
steel / metal / mounting systems / milling,wind turbines / turbine / alternative energy / energy products,0.0003487966515521451
flat panel / coatings / chemicals / fluids,ion / energy storage solutions / electrochemical / fuel cell technology,0.0003472222222222222
flat panel / coatings / chemicals / fluids,wheels / auxiliary / rigging / vans,0.0003472222222222222
voltaic / photovoltaic solar panels / mw / ground mounted,power systems / solar electric / wholesale / charge controllers,0.0003434065934065934
air conditioning / valves / heaters / gauges,defense / satellite / helicopters / propulsion,0.00034317089910775565
audio / cards / music / speakers,lamps / solar street / lighting products / solar water,0.00034211426616489907
flat panel / coatings / chemicals / fluids,defense / satellite / helicopters / propulsion,0.00033602150537634406
cleaning / national grid / domestic properties / surplus electricity produced,mapping / imagery / maps / remote sensing,0.000333000333000333
interior / glass products / curtain / shades,photography / real estate / filming / imaging,0.00033085194375516956
regional / startups / delivering innovative / sales and marketing,defense / satellite / helicopters / propulsion,0.0003291639236339697
interior / glass products / curtain / shades,phone / solar powered / plug / rechargeable,0.0003273322422258593
regional / startups / delivering innovative / sales and marketing,installers / homeowners / finance / bill,0.0003265306122448979
analytics / crop / farmers / data driven,pilots / drone operators / drone management / commercial drone,0.0003229974160206718
flat panel / coatings / chemicals / fluids,interior / glass products / curtain / shades,0.0003205128205128205
detection / search and rescue / enforcement / threats,reality / virtual / racing / vr,0.0003197953309881676
steel / metal / mounting systems / milling,power systems / solar electric / wholesale / charge controllers,0.00031525851197982345
regional / startups / delivering innovative / sales and marketing,interior / glass products / curtain / shades,0.00031397174254317107
voltaic / photovoltaic solar panels / mw / ground mounted,hot water / solar thermal / water heating / heating systems,0.0003132832080200501
roofing / schools / hospitals / serves commercial,wind turbines / turbine / alternative energy / energy products,0.00031289111389236547
ion / energy storage solutions / electrochemical / fuel cell technology,wireless / satellite / demand response / ip,0.00030864197530864197
photography / real estate / filming / imaging,insurance / cargo / professional indemnity insurance / offers commercial property,0.00030721966205837174
flat panel / coatings / chemicals / fluids,roofing / schools / hospitals / serves commercial,0.00030637254901960784
things / autonomous drone / fleets / human intervention,mapping / imagery / maps / remote sensing,0.0003020235578375113
drone technology / commerce / retail store / delivery service,lamps / solar street / lighting products / solar water,0.0003003003003003003
analytics / crop / farmers / data driven,photography / real estate / filming / imaging,0.0002986857825567503
voltaic / photovoltaic solar panels / mw / ground mounted,wheels / auxiliary / rigging / vans,0.0002976190476190476
solar panel installation / installation services / residential and commercial / services solar panel,wind turbines / turbine / alternative energy / energy products,0.0002955082742316785
media / advertising / social / digital marketing,mapping / imagery / maps / remote sensing,0.00029515938606847696
games / fun / maker / programming language,analytics / crop / farmers / data driven,0.00029239766081871346
mapping / imagery / maps / remote sensing,uas / unmanned aircraft systems / unmanned aerial systems / uas industry,0.0002886002886002886
audio / cards / music / speakers,dc / inverter / power conversion / battery chargers,0.00028768699654775604
app / fly / footage / iphone,mapping / imagery / maps / remote sensing,0.00028542885685742833
detection / search and rescue / enforcement / threats,steel / metal / mounting systems / milling,0.0002778549597110308
axis / temperatures / thermal energy / waste heat,detection / search and rescue / enforcement / threats,0.0002733734281027884
installs solar panels / solar energy systems / rooftop solar panels / commercial solar,wind turbines / turbine / alternative energy / energy products,0.00027277686852154935
learning / robots / artificial intelligence / computer vision,pilots / drone operators / drone management / commercial drone,0.00027041644131963225
hot water / solar thermal / water heating / heating systems,interior / glass products / curtain / shades,0.0002699055330634278
audio / cards / music / speakers,phone / solar powered / plug / rechargeable,0.00026932399676811203
heat pumps / plumbing / boilers / pumps,steel / metal / mounting systems / milling,0.0002687449610319807
cleaning / national grid / domestic properties / surplus electricity produced,flat panel / coatings / chemicals / fluids,0.00026709401709401707
installers / homeowners / finance / bill,ion / energy storage solutions / electrochemical / fuel cell technology,0.0002666666666666667
regional / startups / delivering innovative / sales and marketing,mapping / imagery / maps / remote sensing,0.00026504108136761196
steel / metal / mounting systems / milling,defense / satellite / helicopters / propulsion,0.00026441036488630354
learning / robots / artificial intelligence / computer vision,detection / search and rescue / enforcement / threats,0.00026277755879647877
voltaic / photovoltaic solar panels / mw / ground mounted,roofing / schools / hospitals / serves commercial,0.0002626050420168067
voltaic / photovoltaic solar panels / mw / ground mounted,supply chain / food and beverage / health care / food delivery,0.0002626050420168067
axis / temperatures / thermal energy / waste heat,defense / satellite / helicopters / propulsion,0.0002601456815816857
power systems / solar electric / wholesale / charge controllers,thin film solar / crystalline silicon / amorphous silicon / thin film photovoltaic,0.0002598752598752599
installers / homeowners / finance / bill,photography / real estate / filming / imaging,0.00025806451612903227
learning / robots / artificial intelligence / computer vision,defense / satellite / helicopters / propulsion,0.0002500625156289072
app / fly / footage / iphone,drone technology / commerce / retail store / delivery service,0.0002442002442002442
installers / homeowners / finance / bill,crystalline / manufactures solar panels / wafers / solar modules,0.00024242424242424242
media / advertising / social / digital marketing,wind turbines / turbine / alternative energy / energy products,0.00024177949709864604
unmanned aerial vehicles / uavs / payload / fixed wing,wireless / satellite / demand response / ip,0.0002405002405002405
games / fun / maker / programming language,dc / inverter / power conversion / battery chargers,0.00023923444976076556
wireless / satellite / demand response / ip,installs solar panels / solar energy systems / rooftop solar panels / commercial solar,0.00023741690408357073
regional / startups / delivering innovative / sales and marketing,pilots / drone operators / drone management / commercial drone,0.00023730422401518745
hot water / solar thermal / water heating / heating systems,lamps / solar street / lighting products / solar water,0.00023707918444760548
printed / substrates / panel displays / wafer,analytics / crop / farmers / data driven,0.00023540489642184556
detection / search and rescue / enforcement / threats,analytics / crop / farmers / data driven,0.00023540489642184556
supply chain / food and beverage / health care / food delivery,installers / homeowners / finance / bill,0.00023529411764705883
drone technology / commerce / retail store / delivery service,games / fun / maker / programming language,0.00023391812865497077
printed / substrates / panel displays / wafer,thin film solar / crystalline silicon / amorphous silicon / thin film photovoltaic,0.00022904260192395785
air conditioning / valves / heaters / gauges,wind turbines / turbine / alternative energy / energy products,0.00022634676324128565
detection / search and rescue / enforcement / threats,mapping / imagery / maps / remote sensing,0.00022011886418666079
printed / substrates / panel displays / wafer,mapping / imagery / maps / remote sensing,0.00022011886418666079
regional / startups / delivering innovative / sales and marketing,photography / real estate / filming / imaging,0.0002194426157559798
regional / startups / delivering innovative / sales and marketing,wind turbines / turbine / alternative energy / energy products,0.00021710811984368213
unmanned aerial vehicles / uavs / payload / fixed wing,ion / energy storage solutions / electrochemical / fuel cell technology,0.00021645021645021648
unmanned aerial vehicles / uavs / payload / fixed wing,wheels / auxiliary / rigging / vans,0.00021645021645021648
media / advertising / social / digital marketing,wireless / satellite / demand response / ip,0.00021043771043771046
unmanned aerial vehicles / uavs / payload / fixed wing,axis / temperatures / thermal energy / waste heat,0.0002094679514034353
lamps / solar street / lighting products / solar water,interior / glass products / curtain / shades,0.0002079002079002079
audio / cards / music / speakers,heat pumps / plumbing / boilers / pumps,0.0002075119319360863
cleaning / national grid / domestic properties / surplus electricity produced,installers / homeowners / finance / bill,0.00020512820512820512
voltaic / photovoltaic solar panels / mw / ground mounted,media / advertising / social / digital marketing,0.0002029220779220779
photography / real estate / filming / imaging,offers solar panels / pv panels / installs solar photovoltaic / service solar provider,0.0002028809089064719
audio / cards / music / speakers,installers / homeowners / finance / bill,0.00020253164556962024
mapping / imagery / maps / remote sensing,interior / glass products / curtain / shades,0.0001998001998001998
learning / robots / artificial intelligence / computer vision,audio / cards / music / speakers,0.00019625159454420566
crystalline / manufactures solar panels / wafers / solar modules,power systems / solar electric / wholesale / charge controllers,0.00019425019425019428
app / fly / footage / iphone,hot water / solar thermal / water heating / heating systems,0.00019278966647387702
regional / startups / delivering innovative / sales and marketing,wireless / satellite / demand response / ip,0.00018896447467876037
analytics / crop / farmers / data driven,thin film solar / crystalline silicon / amorphous silicon / thin film photovoltaic,0.00018768768768768769
hot water / solar thermal / water heating / heating systems,wind turbines / turbine / alternative energy / energy products,0.0001866368047779022
voltaic / photovoltaic solar panels / mw / ground mounted,flat panel / coatings / chemicals / fluids,0.00018601190476190475
flat panel / coatings / chemicals / fluids,hot water / solar thermal / water heating / heating systems,0.0001827485380116959
unmanned aerial vehicles / uavs / payload / fixed wing,solar panel installation / installation services / residential and commercial / services solar panel,0.00018037518037518038
printed / substrates / panel displays / wafer,games / fun / maker / programming language,0.0001784121320249777
detection / search and rescue / enforcement / threats,flat panel / coatings / chemicals / fluids,0.00017655367231638418
learning / robots / artificial intelligence / computer vision,dc / inverter / power conversion / battery chargers,0.00017618040873854828
axis / temperatures / thermal energy / waste heat,photography / real estate / filming / imaging,0.0001734304543877905
games / fun / maker / programming language,steel / metal / mounting systems / milling,0.0001725625539257981
printed / substrates / panel displays / wafer,crystalline / manufactures solar panels / wafers / solar modules,0.0001712035610340695
games / fun / maker / programming language,defense / satellite / helicopters / propulsion,0.00016977928692699492
axis / temperatures / thermal energy / waste heat,flat panel / coatings / chemicals / fluids,0.00016801075268817203
voltaic / photovoltaic solar panels / mw / ground mounted,wireless / satellite / demand response / ip,0.00016534391534391533
learning / robots / artificial intelligence / computer vision,regional / startups / delivering innovative / sales and marketing,0.00015820281601012498
interior / glass products / curtain / shades,crystalline / manufactures solar panels / wafers / solar modules,0.0001554001554001554
axis / temperatures / thermal energy / waste heat,wireless / satellite / demand response / ip,0.00014934289127837514
voltaic / photovoltaic solar panels / mw / ground mounted,steel / metal / mounting systems / milling,0.00014637002341920375
thin film solar / crystalline silicon / amorphous silicon / thin film photovoltaic,wind turbines / turbine / alternative energy / energy products,0.0001437607820586544
learning / robots / artificial intelligence / computer vision,wireless / satellite / demand response / ip,0.0001435544071202986
unmanned aerial vehicles / uavs / payload / fixed wing,phone / solar powered / plug / rechargeable,0.00013815971262779773
voltaic / photovoltaic solar panels / mw / ground mounted,interior / glass products / curtain / shades,0.00013736263736263736
detection / search and rescue / enforcement / threats,installers / homeowners / finance / bill,0.00013559322033898305
audio / cards / music / speakers,flat panel / coatings / chemicals / fluids,0.00013185654008438817
learning / robots / artificial intelligence / computer vision,printed / substrates / panel displays / wafer,0.00013138877939823938
installers / homeowners / finance / bill,heat pumps / plumbing / boilers / pumps,0.00013114754098360657
axis / temperatures / thermal energy / waste heat,installers / homeowners / finance / bill,0.00012903225806451613
learning / robots / artificial intelligence / computer vision,steel / metal / mounting systems / milling,0.00012708095056551024
lamps / solar street / lighting products / solar water,wireless / satellite / demand response / ip,0.00012512512512512512
learning / robots / artificial intelligence / computer vision,axis / temperatures / thermal energy / waste heat,0.0001250312578144536
voltaic / photovoltaic solar panels / mw / ground mounted,mapping / imagery / maps / remote sensing,0.00011595547309833023
flat panel / coatings / chemicals / fluids,photography / real estate / filming / imaging,0.00011200716845878136
games / fun / maker / programming language,wind turbines / turbine / alternative energy / energy products,0.00011198208286674131
photography / real estate / filming / imaging,crystalline / manufactures solar panels / wafers / solar modules,0.0001086130118388183
installers / homeowners / finance / bill,thin film solar / crystalline silicon / amorphous silicon / thin film photovoltaic,0.00010810810810810811
installers / homeowners / finance / bill,lamps / solar street / lighting products / solar water,0.00010810810810810811
pilots / drone operators / drone management / commercial drone,wireless / satellite / demand response / ip,0.00010766580534022394
flat panel / coatings / chemicals / fluids,crystalline / manufactures solar panels / wafers / solar modules,0.00010521885521885521
photography / real estate / filming / imaging,wireless / satellite / demand response / ip,9.956192751891678e-05
wireless / satellite / demand response / ip,wind turbines / turbine / alternative energy / energy products,9.850275807722616e-05
games / fun / maker / programming language,wireless / satellite / demand response / ip,9.746588693957115e-05
flat panel / coatings / chemicals / fluids,wireless / satellite / demand response / ip,9.645061728395061e-05
voltaic / photovoltaic solar panels / mw / ground mounted,games / fun / maker / programming language,9.398496240601503e-05
games / fun / maker / programming language,installers / homeowners / finance / bill,8.421052631578948e-05
flat panel / coatings / chemicals / fluids,installers / homeowners / finance / bill,8.333333333333333e-05
unmanned aerial vehicles / uavs / payload / fixed wing,audio / cards / music / speakers,8.21962847279303e-05
installers / homeowners / finance / bill,wireless / satellite / demand response / ip,7.407407407407407e-05
unmanned aerial vehicles / uavs / payload / fixed wing,wind turbines / turbine / alternative energy / energy products,6.907985631389887e-05
