Cluster,Cluster Tightness,Node Count,Quid Cluster ID
uas / unmanned aircraft systems / unmanned aerial systems / uas industry,4.333333333333333,45,27
virtual / augmented reality / racing / vr,4.2075471698113205,53,28
photovoltaic panels / voltaic / wafers / manufactures solar panels,3.909090909090909,99,19
photography / real estate / filming / imaging,3.7419354838709675,93,18
flat panel / coatings / substrates / displays,3.6838709677419357,155,10
turbines / alternative energy / wind energy / grid tie,3.6808510638297873,94,26
hot water / heat pumps / heating systems / solar thermal,3.5762711864406778,118,13
solar panel installation / installation services / services solar panel / commercial projects,3.5555555555555554,36,24
thin film solar / crystalline silicon / yield / thin film photovoltaic,3.541284403669725,109,25
plug / charger / rechargeable / mobile phone,3.4468085106382977,47,21
homeowners / bill / residential solar / incentives,3.3671875,128,12
artificial intelligence / robots / internet of things / computer vision,3.366279069767442,172,3
pilots / insurance / drone operators / drone management,3.3388429752066116,121,20
mapping / analytics / imagery / crop,3.3221476510067114,149,16
satellite / defense / cellular / helicopters,3.1411764705882352,170,22
aerial vehicles / uavs / payload / fixed wing,3.1363636363636362,154,0
metal / aluminum / steel / roofing,3.1,160,17
solar electric / solar pv / installs solar panels / offers solar panels,3.0208333333333335,144,23
cleaning / national grid / domestic properties / surplus electricity produced,2.923076923076923,39,6
inverter / lamps / street lights / lighting solutions,2.8389830508474576,118,14
air conditioning / valves / cast iron / gauges,2.7872340425531914,47,1
games / young / fun / digital marketing,2.7819148936170213,188,11
audio / cards / music / speakers,2.7088607594936707,79,4
enforcement / search and rescue / border / emergency response,2.6867469879518073,83,9
axis tracking / solar tracking / concentrate / waste heat,2.5671641791044775,67,5
app / footage / iphone / smartphone,2.5604395604395602,91,2
Backup CLuster,2.2982456140350878,114,7
drone technology / supply chain management / food and beverage / supply chain,2.0,79,8
lithium / electric vehicles / electrochemical / wheels,1.95,60,15
