Cluster,Cluster Tightness,Node Count,Quid Cluster ID
uas / unmanned aircraft systems / unmanned aerial systems / uas industry,4.333333333333333,45,43
reality / virtual / racing / vr,4.2075471698113205,53,32
thin film solar / crystalline silicon / amorphous silicon / thin film photovoltaic,3.9594594594594597,74,38
crystalline / manufactures solar panels / wafers / solar modules,3.909090909090909,99,7
photography / real estate / filming / imaging,3.7419354838709675,93,27
wind turbines / turbine / alternative energy / energy products,3.6808510638297873,94,47
printed / substrates / panel displays / wafer,3.6610169491525424,59,30
solar panel installation / installation services / residential and commercial / services solar panel,3.5555555555555554,36,35
hot water / solar thermal / water heating / heating systems,3.543859649122807,57,15
analytics / crop / farmers / data driven,3.486111111111111,72,2
flat panel / coatings / chemicals / fluids,3.4583333333333335,96,12
phone / solar powered / plug / rechargeable,3.4468085106382977,47,26
installers / homeowners / finance / bill,3.424,125,16
pilots / drone operators / drone management / commercial drone,3.4186046511627906,86,28
heat pumps / plumbing / boilers / pumps,3.3934426229508197,61,14
interior / glass products / curtain / shades,3.3230769230769233,65,19
defense / satellite / helicopters / propulsion,3.3225806451612905,62,9
learning / robots / artificial intelligence / computer vision,3.302325581395349,129,22
unmanned aerial vehicles / uavs / payload / fixed wing,3.1363636363636362,154,44
things / autonomous drone / fleets / human intervention,3.0697674418604652,43,39
media / advertising / social / digital marketing,3.0681818181818183,44,24
installs solar panels / solar energy systems / rooftop solar panels / commercial solar,2.9743589743589745,39,17
cleaning / national grid / domestic properties / surplus electricity produced,2.923076923076923,39,6
insurance / cargo / professional indemnity insurance / offers commercial property,2.8857142857142857,35,18
offers solar panels / pv panels / installs solar photovoltaic / service solar provider,2.8679245283018866,53,25
wireless / satellite / demand response / ip,2.8518518518518516,108,48
lamps / solar street / lighting products / solar water,2.8513513513513513,74,21
mapping / imagery / maps / remote sensing,2.792207792207792,77,23
air conditioning / valves / heaters / gauges,2.7872340425531914,47,0
audio / cards / music / speakers,2.7088607594936707,79,4
axis / temperatures / thermal energy / waste heat,2.6774193548387095,62,5
games / fun / maker / programming language,2.6736842105263157,95,13
detection / search and rescue / enforcement / threats,2.6440677966101696,59,10
dc / inverter / power conversion / battery chargers,2.6136363636363638,44,8
app / fly / footage / iphone,2.5604395604395602,91,3
roofing / schools / hospitals / serves commercial,2.5588235294117645,34,34
steel / metal / mounting systems / milling,2.557377049180328,61,36
alarm / emergency response / low voltage / traffic signal,2.5,24,1
power systems / solar electric / wholesale / charge controllers,2.5,52,29
voltaic / photovoltaic solar panels / mw / ground mounted,2.330357142857143,112,45
ion / energy storage solutions / electrochemical / fuel cell technology,2.2666666666666666,30,20
transparent / sample / roll to roll / substrates,2.257142857142857,35,42
regional / startups / delivering innovative / sales and marketing,2.0408163265306123,49,33
drone technology / commerce / retail store / delivery service,2.022222222222222,45,11
supply chain / food and beverage / health care / food delivery,1.8823529411764706,34,37
wheels / auxiliary / rigging / vans,1.4666666666666666,30,46
tracking system / platform for detecting / hundreds of solar / solar tracking,1.0,5,40
transformers / wire harnesses / cable management / distributes electrical products,0.5,2,41
Backup,0.3333333333333333,3,31
