Cluster,Cluster Tightness,Node Count,Quid Cluster ID
uas / unmanned aircraft systems / small unmanned / uas industry,4.722222222222222,36,239
reality / virtual / vr / augmented reality,4.5,42,186
photography / real estate / aerial drone / photography and video,4.173076923076923,52,159
flat panel / solar cell / flat panel display / applied materials,3.977272727272727,44,78
cigs / crystalline silicon / thin film solar / deposition,3.9722222222222223,36,33
wind turbines / turbine / energy solutions / vertical axis wind,3.9516129032258065,62,252
crystalline / polycrystalline / poly silicon / science technology,3.9310344827586206,29,44
cleaning / solar panel cleaning / cleaning services / window cleaning,3.6818181818181817,22,35
satellite / spacecraft / subsystems / antennas,3.6666666666666665,30,196
hot water / solar thermal / heating systems / hot water systems,3.657142857142857,35,97
solar panel installation / installation services / transmission and distribution / residential and commercial,3.6551724137931036,29,212
installs solar panels / installs solar power / solar panel systems / designs and installs,3.619047619047619,21,107
pilots / drone operators / commercial drone / drone management,3.5714285714285716,49,163
analytics / farmers / big data / imagery,3.5625,32,7
manufactures solar / photovoltaic modules / sells solar panels / markets solar,3.5294117647058822,34,128
interior / doors / window / glass products,3.5,52,109
axis / cpv / lcoe / concentrated photovoltaic,3.4583333333333335,24,19
learning / machine / artificial intelligence / ai,3.4516129032258065,31,122
wafer / laser / printed circuit / touch panel,3.4516129032258065,31,248
air conditioning / boilers / air cleaners / humidifiers,3.4347826086956523,23,3
lamps / energy saving / panel lights / lighting products,3.4166666666666665,24,118
marketing / media / digital marketing / brand identity,3.4,15,134
monthly / savings / residential solar / lease,3.3157894736842106,19,142
crystalline / amorphous / pv modules / thin film modules,3.3,30,43
insurance / professional indemnity insurance / offers commercial property / professional liability,3.260869565217391,23,108
printed / conductive / boards / circuit boards,3.230769230769231,13,175
usb / bag / usb cable / ipod,3.230769230769231,13,242
things / iot / internet of things / rtos,3.2,25,234
displays / conductive / coatings / indium tin oxide,3.2,15,54
panel displays / architectural glass / flat panel / deposition,3.1904761904761907,21,152
audio / headphones / scanners / tv,3.1481481481481484,27,14
piloted aircraft / aviation / rpas / remotely piloted,3.1363636363636362,22,162
aerial vehicles / uavs / distributes unmanned aerial / uav technology,3.129032258064516,31,1
wafers / bhd / polycrystalline silicon materials / solar technology international,3.111111111111111,18,249
wireless / networking / cellular / wi fi,3.088235294117647,34,255
phone / solar powered / plug / billion people,3.0833333333333335,24,156
plumbing / central heating / bathrooms / landlord,2.9166666666666665,12,168
mapping / inspections / surveys / surveys and inspections,2.8421052631578947,19,131
computer vision / object detection / artificial / deep learning,2.8,15,39
agricultural / crop / precision agriculture / prescription,2.7857142857142856,14,2
surveillance / rescue / enforcement / long range uav,2.78125,32,228
fly / landing / filming / flying,2.75,32,80
drone pilot / drone academy / pilot training school / drone pilot training,2.75,8,57
transparent / roll to roll / layer / organic photovoltaic,2.75,16,237
save / pay / going / residential solar,2.739130434782609,23,197
solar installers / homeowners / compare / allows consumers,2.727272727272727,11,211
metal / steel / milling / sheet metal,2.7209302325581395,43,138
inverter / power point / ac / energy harvest,2.72,25,113
learn / students / thinking / robots,2.696969696969697,33,121
data analytics / ai / solution designed / drone data,2.6666666666666665,12,48
low voltage / emergency response / alarm / security systems,2.6470588235294117,17,124
solar water / water heating / water heaters / heaters,2.642857142857143,14,221
robots / flying / robotic products / artificial robotic brains,2.625,24,190
defense / homeland security / helicopters / radar,2.625,16,50
offers solar panels / concentrating photovoltaic / panels and installation / photovoltaic modules,2.6,10,147
mapping / vegetation / survey / precision agriculture,2.5833333333333335,24,133
solar pv / generates electricity / retail / installs solar photovoltaic,2.5833333333333335,12,217
games / players / fun / video games,2.5714285714285716,14,88
wing / unmanned aerial systems / unmanned aerial vehicles / flight control,2.566666666666667,30,253
audio / dvd / kitchen appliances / phone accessories,2.5454545454545454,11,13
schools / universities / distribution centers / serves commercial,2.526315789473684,19,199
pumps / heating products / plumbing / heat pumps,2.5238095238095237,21,181
heat pumps / air source heat / source heat pumps / ground source,2.5,12,94
mapping / professional aerial photography / provide remote sensing / photography,2.5,8,132
media / audio / digital media / social media,2.4545454545454546,11,137
artificial / autonomous drone / artificial intelligence / intelligent systems,2.4375,16,12
photovoltaic solar panels / manufactures photovoltaic solar / distributes photovoltaic solar / solar corp,2.4285714285714284,7,161
installation using premium / service solar provider / house professionals handle / finish giving homeowners,2.4285714285714284,7,105
plant / geothermal / producer / photo voltaic,2.423076923076923,26,166
owns / national grid / rooftops / surplus electricity produced,2.4,10,151
ground mounted / tracking systems / mounted solar / solar panels energy,2.4,15,92
funding / cash / renewable energy certificates / community solar,2.3529411764705883,17,87
chargers / uninterruptible power / regulated / dc,2.3333333333333335,15,30
street lights / water pumps / solar lighting / solar street,2.3,20,226
solar electric / power systems / mounting / design and installation,2.3,30,208
manage / response / decisions / demand response,2.2941176470588234,17,126
cooling / thermal energy / concentrating / moving parts,2.2857142857142856,28,42
detection / surveillance / unauthorized drones / intrusion detection,2.263157894736842,19,51
collision avoidance / computer vision / positioning platform / surroundings,2.25,12,36
thin film solar / photovoltaic modules / film solar panels / offers thin film,2.25,8,233
racing / gaming / drone racing / person view,2.25,8,184
autonomous drone / drone fleets / enabling / develops software,2.230769230769231,13,17
inverter / install / bill / ac,2.2142857142857144,14,112
innovation / largest / highest / focused,2.2058823529411766,34,102
chargers / portable solar / cell phones / mp players,2.2,10,29
engines / helicopters / parachute systems / radio control,2.1875,16,66
charge controllers / rv / outback / panel mounts,2.1818181818181817,11,27
app / affordable smartphone integrated / smartphone integrated underwater / integrated underwater drone,2.1666666666666665,12,8
satellite / private / satellite communication / unconnected,2.1538461538461537,13,195
rotor / wing / multicopters / copter,2.142857142857143,14,194
offers solar / solar solutions / utility scale / distributes and installs,2.142857142857143,14,146
roofing / roofing panels / roofing system / metal roofing,2.125,8,191
mounting / mounting systems / flat roof / tile,2.1,10,144
iphone / videos / sharing / share,2.0869565217391304,23,116
supply chain / tracking platform / logistics / supply chain management,2.076923076923077,13,227
voltaic / photovoltaic panels / energies / solar thermal,2.0526315789473686,19,247
drone technology / framework / energy management system / innovative products,2.0,13,59
chemicals / exceeding customer expectations / performance materials division / expectations by providing,2.0,7,31
social / content / media / grow,2.0,18,205
plumbing / lightening / property maintenance services / sarl offers,2.0,11,169
filming / action / aerial filming projects / ground support crews,2.0,8,75
open source / uavs / drone manufacturer / dji phantom,1.9333333333333333,15,149
alternative energy / green energy corporation / energy saving products / gogreensolar,1.9166666666666667,12,5
landing / rotors / impractical / payloads,1.9,10,119
mobile money / energy to communities / increments / financing,1.8888888888888888,9,140
fuel cell technology / graphene / hydrogen / pem fuel,1.8888888888888888,9,85
navigation / gps denied navigation / gps denied / darkness,1.875,8,145
telecommunications / radio frequency / radio systems / telephony,1.875,8,232
wireless / connectivity / ethernet / cellular,1.875,8,254
specializes / installation of solar / businesses and corporates / installation and distribution,1.8571428571428572,7,223
valves / steel / pulp / butterfly valves,1.8333333333333333,18,245
pilots / drone operators / hire drone / photography,1.8333333333333333,12,164
fly / flying / hexacopter / easy to fly,1.8125,16,79
save / solar system installation / installation process / solar power systems,1.8,5,198
cavity / wall insulation / external wall / loft,1.8,5,25
drone services / provider of aerial / providing drone / aerial imaging,1.8,5,58
owners / commercial solar / installs solar electric / offers commercial,1.7777777777777777,9,150
unmanned aerial systems / improve / principles / proposal,1.7777777777777777,9,241
installers / solar panel installers / solar panel comparison / comparison site,1.75,8,106
energy storage / rechargeable lithium battery / battery management systems / battery manufacturers,1.75,12,65
project development / monocrystalline / repair work / parks,1.75,12,179
printing / format / laser / seller,1.7333333333333334,15,177
wind turbines / energy supplier / hands / renewable electricity,1.7142857142857142,7,251
map / location based services / geospatial / embed,1.7,10,130
logistics / goods / unmanned aerial vehicles / delivery services,1.6666666666666667,6,123
standardization and uniformity / drone manufacturing companies / guidelines while eliminating / regulation safety guidelines,1.6666666666666667,6,224
solar street / parking lots / lighting solutions / powered by solar,1.6666666666666667,12,218
real estate / contracting services / structural engineering services / installing solar,1.6666666666666667,12,185
airspace / situational awareness / air traffic / controlled airspace,1.6666666666666667,9,4
food / forestry / organic / fruits and vegetables,1.6363636363636365,11,81
brands / solar power system / installers / wholesale,1.6363636363636365,11,21
charge controllers / solar and wind / wind turbines / defense installation,1.6363636363636365,11,28
apps / discover amazing products / developers to write / industry development,1.625,8,11
smartphone / production and consumption / check energy / ifttt,1.625,8,204
data driven decisions / metres / proactively preventing improper / internet enabled technology,1.625,8,49
characteristics / frequency / low power / satellite communication,1.5833333333333333,12,26
kitchen / greeting cards / hats / cleaning and laundry,1.5714285714285714,7,117
commerce / retail / courses / store,1.5714285714285714,14,37
drone technology / specializing / delivery service / maritime,1.5714285714285714,7,60
adhesives / plastics / foam / sealants,1.5714285714285714,7,0
imagery / maps / collection and analysis / optimal flight path,1.5714285714285714,7,100
image recognition / machine learning / images / share,1.5555555555555556,9,99
wall / collectors / aluminum composite panels / aluminum sandwich,1.5384615384615385,13,250
toys / merchandise / gifts / educational toys,1.5,8,236
food and beverage / compressed air preparation / laboratory automation / water technology,1.5,4,82
continuity of operations / copyright / vulnerability / exercises,1.5,4,41
finance / turbines / aircraft mortgage / leasing solutions,1.5,8,76
solar hot water / invest in solar / rising energy / solar hot,1.5,4,210
solar chargers / rechargeable batteries / flashlights / portable solar generators,1.5,8,207
photography / images / radio controlled / flying machine,1.5,8,158
installation services / srl / distributes solar / grid connection,1.5,6,104
portal / quotes / liability / payments,1.5,4,170
composition / synthesis / optical / absorb light,1.5,6,38
invest / study / electricity per year / photovoltaic installation,1.4705882352941178,17,114
peak / electrochemical / emissions / lead acid,1.4444444444444444,9,155
detection systems / traffic monitoring / intelligent video / perimeter,1.4285714285714286,7,52
onshore and offshore / civil engineering / specialties unmanned aerial / providing unmanned aerial,1.4,5,148
roofing / roofs / clay and concrete / slates,1.4,5,192
station / drone platform / autonomous aerial / flight plans,1.4,5,225
education / consulting / org / offer summer,1.3571428571428572,14,61
patent pending / manufacture and marketing / marketing of photovoltaic / extremely cost effective,1.3333333333333333,6,153
valves / ground pools / fittings / pe pipes,1.3333333333333333,6,244
shipping / tricks / occasions / shopping,1.3333333333333333,6,203
automation equipment / logistics services / offers mechanical / construction material,1.3333333333333333,9,16
measurement / assure / equipment and software / yield,1.3,10,136
aluminum / electric vehicles / bicycle / pedal,1.2857142857142858,7,6
solar photovoltaic / grid connected / pvt / electrical generating facilities,1.2857142857142858,7,214
services to residential / including permitting / services solar panel / solgen,1.2857142857142858,7,202
civil / helicopters / rotary wings / rotary,1.25,4,34
missions / route / fully autonomous missions / charging infrastructure,1.25,4,139
photography / wedding / dslr / pro,1.25,4,160
provide education / basics / drone flight / career,1.25,4,180
rooftop / concentrated photovoltaic / commercial rooftop solar / rooftop solar panels,1.25,4,193
internet of things / saas / expand the possibilities / things,1.2,5,111
global positioning systems / products comprising headlamps / lighting products comprising / recreation vehicle panels,1.2,5,91
risk / platform for drones / risk intelligence / risks in real,1.2,5,188
payload / infrastructure inspection / ground control station / long range missions,1.1428571428571428,7,154
automation / flat panel / industrial automation / offers engineering,1.1428571428571428,7,15
sells automotive / duty trucks / manufactures and sells / truck,1.1428571428571428,7,200
forest / range of real / trimble / component manufacturer,1.0,4,84
solution provider / listed on nyse / mobile phones / nyse euronext,1.0,5,222
uav industry / developers and manufacturers / supplier of high / personal and professional,1.0,4,240
solar tracking / hundreds of solar / including outdoor lighting / global positioning system,1.0,3,220
utility scale solar / jobs / commercial operation / maximum power point,1.0,4,243
vegetables / environmental technologies / radiation into electricity / positively impact,1.0,5,246
chloride / imports / polyvinyl chloride / polyvinyl,1.0,4,32
planning and implementation / ships and planes / awards and recognition / affordable and viable,1.0,4,165
aviation / located / partnerships / regional,1.0,8,18
homeowners / residential solar / solar modules manufacturer / manufacturer and supplier,1.0,5,96
install solar / solar panel solutions / certified solar installers / efficiency public lighting,1.0,4,103
photo / digital photo frames / produces solar cells / silicon devices,1.0,3,157
products include solar / water heaters / distributors and resellers / hybrid,1.0,4,178
fire extinguishers / navigation lights / battery chargers / offers battery,1.0,4,77
custom engineered solutions / independent flight control / commercial drone packages / deploy custom engineered,1.0,3,46
exotic semiconductor / laser systems / performance imaging / cmos sensor,1.0,3,69
technology for application / agriculture industry / water monitoring / terrain data,1.0,4,231
imaging / components and services / consumer and commercial / serves various markets,1.0,5,101
invests / retirement / holdings limited engages / property investment,1.0,3,115
quantification / predefined / light sources / excel,1.0,3,183
generation intelligent / flight entertainment / drone that performs / interaction software,1.0,3,89
power irrigation solutions / solar pumping solutions / main power / rural,0.8333333333333334,6,173
repairs / shock / water tanks / tow bars,0.8,5,187
customer satisfaction / vendors / manufacturers and suppliers / face recognition,0.75,4,47
drinking water / heavy metals / total dissolved solids / tds,0.75,4,56
technology developments / communications system / manned vessels / human life,0.75,4,230
tariff / portable display / realise / rhi,0.75,4,229
generation systems / conditioning and ventilation / fuel cell / diesel,0.75,4,90
manufacturing equipment / technical support / industrial machinery / machinery,0.75,4,129
motion capture / scans / custom software / aeronautics,0.6666666666666666,3,143
download / automatic detection / image files / skip,0.6666666666666666,3,55
landscaping / services include project / service for residential / environmental planning,0.6666666666666666,3,120
experience in video / autonomous system / radio control / cameras and sensors,0.6666666666666666,3,70
power generation industry / clients seeking / norwegian / fruition,0.6666666666666666,3,172
marketing of renewable / efficiency public lighting / public lighting solutions / led lighting products,0.6666666666666666,3,135
turbines / incorporates / tolerances / automobile,0.6666666666666666,3,238
solar potential / scene / roof shape / imported,0.6666666666666666,3,215
cargo / transportation industries / large scale commercial / foundations for solar,0.6666666666666666,3,24
environmental monitoring systems / control instrumentation solutions / enclosures / towers,0.6666666666666666,3,67
preventative maintenance / services for wireless / thermal imaging / preventative,0.6666666666666666,3,174
third party developers / video and sensor / control of multiple / allows operators,0.6666666666666666,3,235
solar panel solutions / commercial sectors / underwater drones / consumer level,0.6666666666666666,3,213
develops solar panels / solar panel technology / designs and develops / panels and cells,0.6666666666666666,3,53
applications in agriculture / systems for autonomous / long range communication / modular sensor system,0.5,2,9
fabless semiconductor / commercial drones / fabless / smarter,0.5,2,71
printers / detection and identification / training and technology / voice,0.5,2,176
solar power storage / intelligent technology / charged or discharged / solar power produced,0.5,2,216
mobile phone / wholesale and retail / insurance brokerage / outlets,0.5,2,141
quality chinese manufacture / executive vice president / platform connecting high / tencent senior executive,0.5,2,182
field of view / potential applications include / manufacturing and assembly / lenses,0.5,2,74
platform for detecting / real time global / analytical technology / crawling,0.5,2,167
emergency response / facilities management services / infrastructure management / holdings limited engages,0.5,2,62
potential to revolutionize / intelligence technologies / autonomous surface / monitoring device,0.5,2,171
cable / transformers / distributes electrical products / control cables,0.5,2,22
energy sector / energy efficient solar / includes photovoltaic / company's business,0.5,2,64
risk management / environmental constraints / photovoltaic power plant / aerial data acquisition,0.5,2,189
solaire / photovoltaic panel production / installation of electrical / production solar thermal,0.5,2,206
international technology / automated unmanned / develop solutions / grounded,0.5,2,110
factory automation equipment / comprehensive portfolio / transportation markets / automotive electrical,0.5,2,73
food and beverage / vaccine / coolers / ice,0.5,2,83
health care / assessment tools / barrier free / orthopaedic,0.5,2,93
constant monitoring / ground intelligence / intelligent systems / stress detection,0.5,2,40
maintenance free / potential applications include / world's leading manufacturer / purification and sanitation,0.5,2,125
executive / sales and marketing / furniture products / road lights,0.5,2,68
fabrication techniques / traditional mechanical / techniques to produce / processes developed,0.5,2,72
energy efficiency solutions / innovative energy solutions / providing quality solar / dedicated to providing,0.5,2,63
solar thermal systems / installing photovoltaic panels / homeowners the opportunity / energy using photovoltaic,0.5,2,219
boats / offers lightweight / boating industry / sedans,0.5,2,20
manufactures energy conversion / automotive aftermarket / equipment for applications / automotive electrical,0.5,2,127
services include site / photovoltaic array / evaluation services / load calculations,0.5,2,201
applications in construction / transportation services / assembly and packaging / agricultural machines,0.5,2,10
currently in development / customers with energy / steel construction / system utilizing,0.5,2,45
image processing solutions / agricultural monitoring / developed for military / leisure applications,0.5,2,98
solar energy systems / aerial inspection services / solar panel manufacturer / repairing,0.5,2,209
fuel cells / portable and stationary / offers hydrogen fuel / hydrogen,0.5,2,86
heating and cooling / purification / heat pumps / geothermal,0.0,1,95
