Cluster 1,Cluster 2,Intercluster Strength
photovoltaic panels / voltaic / wafers / manufactures solar panels,thin film solar / crystalline silicon / yield / thin film photovoltaic,0.0033361134278565474
Backup CLuster,photovoltaic panels / voltaic / wafers / manufactures solar panels,0.0027467659046606415
aerial vehicles / uavs / payload / fixed wing,uas / unmanned aircraft systems / unmanned aerial systems / uas industry,0.0025974025974025974
photography / real estate / filming / imaging,pilots / insurance / drone operators / drone management,0.00231049497911668
homeowners / bill / residential solar / incentives,solar panel installation / installation services / services solar panel / commercial projects,0.002170138888888889
air conditioning / valves / cast iron / gauges,hot water / heat pumps / heating systems / solar thermal,0.0021637216011539846
homeowners / bill / residential solar / incentives,solar electric / solar pv / installs solar panels / offers solar panels,0.0021158854166666665
photovoltaic panels / voltaic / wafers / manufactures solar panels,solar electric / solar pv / installs solar panels / offers solar panels,0.0020342312008978674
solar electric / solar pv / installs solar panels / offers solar panels,solar panel installation / installation services / services solar panel / commercial projects,0.0019290123456790125
enforcement / search and rescue / border / emergency response,uas / unmanned aircraft systems / unmanned aerial systems / uas industry,0.0016064257028112448
games / young / fun / digital marketing,virtual / augmented reality / racing / vr,0.0016057808109193096
axis tracking / solar tracking / concentrate / waste heat,Backup CLuster,0.0015710919088766692
artificial intelligence / robots / internet of things / computer vision,virtual / augmented reality / racing / vr,0.00153576129881527
mapping / analytics / imagery / crop,photography / real estate / filming / imaging,0.001515479541026196
inverter / lamps / street lights / lighting solutions,plug / charger / rechargeable / mobile phone,0.00144248106743599
aerial vehicles / uavs / payload / fixed wing,app / footage / iphone / smartphone,0.0014271442842871413
enforcement / search and rescue / border / emergency response,satellite / defense / cellular / helicopters,0.001417434443656981
app / footage / iphone / smartphone,plug / charger / rechargeable / mobile phone,0.001402852466682254
artificial intelligence / robots / internet of things / computer vision,drone technology / supply chain management / food and beverage / supply chain,0.0013982926111274655
air conditioning / valves / cast iron / gauges,flat panel / coatings / substrates / displays,0.0013726835964310226
axis tracking / solar tracking / concentrate / waste heat,thin film solar / crystalline silicon / yield / thin film photovoltaic,0.0013693002875530603
inverter / lamps / street lights / lighting solutions,turbines / alternative energy / wind energy / grid tie,0.0013523260007212404
homeowners / bill / residential solar / incentives,plug / charger / rechargeable / mobile phone,0.0013297872340425532
homeowners / bill / residential solar / incentives,turbines / alternative energy / wind energy / grid tie,0.0013297872340425532
audio / cards / music / speakers,games / young / fun / digital marketing,0.0012792889846485322
app / footage / iphone / smartphone,pilots / insurance / drone operators / drone management,0.0012714558169103624
axis tracking / solar tracking / concentrate / waste heat,lithium / electric vehicles / electrochemical / wheels,0.0012437810945273632
inverter / lamps / street lights / lighting solutions,solar electric / solar pv / installs solar panels / offers solar panels,0.0012358757062146892
app / footage / iphone / smartphone,games / young / fun / digital marketing,0.0012274959083469722
app / footage / iphone / smartphone,artificial intelligence / robots / internet of things / computer vision,0.0011500127779197546
inverter / lamps / street lights / lighting solutions,lithium / electric vehicles / electrochemical / wheels,0.0011299435028248588
metal / aluminum / steel / roofing,solar electric / solar pv / installs solar panels / offers solar panels,0.0011284722222222223
cleaning / national grid / domestic properties / surplus electricity produced,metal / aluminum / steel / roofing,0.0011217948717948717
aerial vehicles / uavs / payload / fixed wing,photography / real estate / filming / imaging,0.0011171624074849881
games / young / fun / digital marketing,photography / real estate / filming / imaging,0.0010867078471745596
lithium / electric vehicles / electrochemical / wheels,turbines / alternative energy / wind energy / grid tie,0.0010638297872340426
lithium / electric vehicles / electrochemical / wheels,plug / charger / rechargeable / mobile phone,0.0010638297872340426
air conditioning / valves / cast iron / gauges,metal / aluminum / steel / roofing,0.0010638297872340426
aerial vehicles / uavs / payload / fixed wing,artificial intelligence / robots / internet of things / computer vision,0.0010570824524312897
aerial vehicles / uavs / payload / fixed wing,pilots / insurance / drone operators / drone management,0.001019641515509284
hot water / heat pumps / heating systems / solar thermal,solar electric / solar pv / installs solar panels / offers solar panels,0.0010004708097928437
aerial vehicles / uavs / payload / fixed wing,drone technology / supply chain management / food and beverage / supply chain,0.0009863554167351635
audio / cards / music / speakers,drone technology / supply chain management / food and beverage / supply chain,0.0009613843935266785
photography / real estate / filming / imaging,uas / unmanned aircraft systems / unmanned aerial systems / uas industry,0.000955794504181601
axis tracking / solar tracking / concentrate / waste heat,plug / charger / rechargeable / mobile phone,0.0009526833915528739
app / footage / iphone / smartphone,photography / real estate / filming / imaging,0.0009452912678719131
drone technology / supply chain management / food and beverage / supply chain,pilots / insurance / drone operators / drone management,0.000941521079610838
lithium / electric vehicles / electrochemical / wheels,metal / aluminum / steel / roofing,0.0009375
Backup CLuster,solar electric / solar pv / installs solar panels / offers solar panels,0.0009137426900584795
artificial intelligence / robots / internet of things / computer vision,mapping / analytics / imagery / crop,0.0008974559076010613
mapping / analytics / imagery / crop,uas / unmanned aircraft systems / unmanned aerial systems / uas industry,0.0008948545861297538
axis tracking / solar tracking / concentrate / waste heat,hot water / heat pumps / heating systems / solar thermal,0.0008854034910194789
games / young / fun / digital marketing,pilots / insurance / drone operators / drone management,0.0008791981712678037
app / footage / iphone / smartphone,virtual / augmented reality / racing / vr,0.0008293593199253577
games / young / fun / digital marketing,uas / unmanned aircraft systems / unmanned aerial systems / uas industry,0.0008274231678486998
pilots / insurance / drone operators / drone management,uas / unmanned aircraft systems / unmanned aerial systems / uas industry,0.0007346189164370982
Backup CLuster,lithium / electric vehicles / electrochemical / wheels,0.0007309941520467836
air conditioning / valves / cast iron / gauges,inverter / lamps / street lights / lighting solutions,0.000721240533717995
mapping / analytics / imagery / crop,pilots / insurance / drone operators / drone management,0.0007210605136169504
flat panel / coatings / substrates / displays,thin film solar / crystalline silicon / yield / thin film photovoltaic,0.0007102693104468778
audio / cards / music / speakers,solar electric / solar pv / installs solar panels / offers solar panels,0.0007032348804500703
app / footage / iphone / smartphone,audio / cards / music / speakers,0.0006955070246209487
aerial vehicles / uavs / payload / fixed wing,games / young / fun / digital marketing,0.0006907985631389886
aerial vehicles / uavs / payload / fixed wing,satellite / defense / cellular / helicopters,0.0006875477463712758
Backup CLuster,homeowners / bill / residential solar / incentives,0.0006853070175438596
solar electric / solar pv / installs solar panels / offers solar panels,turbines / alternative energy / wind energy / grid tie,0.0006648936170212766
homeowners / bill / residential solar / incentives,inverter / lamps / street lights / lighting solutions,0.0006620762711864406
app / footage / iphone / smartphone,enforcement / search and rescue / border / emergency response,0.0006619886137958427
audio / cards / music / speakers,cleaning / national grid / domestic properties / surplus electricity produced,0.0006491398896462187
homeowners / bill / residential solar / incentives,pilots / insurance / drone operators / drone management,0.0006456611570247934
flat panel / coatings / substrates / displays,metal / aluminum / steel / roofing,0.0006451612903225806
cleaning / national grid / domestic properties / surplus electricity produced,enforcement / search and rescue / border / emergency response,0.0006178560395427865
photography / real estate / filming / imaging,solar panel installation / installation services / services solar panel / commercial projects,0.0005973715651135007
artificial intelligence / robots / internet of things / computer vision,pilots / insurance / drone operators / drone management,0.0005765904285988852
drone technology / supply chain management / food and beverage / supply chain,uas / unmanned aircraft systems / unmanned aerial systems / uas industry,0.0005625879043600563
photovoltaic panels / voltaic / wafers / manufactures solar panels,solar panel installation / installation services / services solar panel / commercial projects,0.0005611672278338945
Backup CLuster,turbines / alternative energy / wind energy / grid tie,0.0005599104143337066
air conditioning / valves / cast iron / gauges,Backup CLuster,0.0005599104143337066
artificial intelligence / robots / internet of things / computer vision,games / young / fun / digital marketing,0.0005566551212271153
air conditioning / valves / cast iron / gauges,cleaning / national grid / domestic properties / surplus electricity produced,0.0005455537370430987
cleaning / national grid / domestic properties / surplus electricity produced,solar electric / solar pv / installs solar panels / offers solar panels,0.0005341880341880342
satellite / defense / cellular / helicopters,uas / unmanned aircraft systems / unmanned aerial systems / uas industry,0.000522875816993464
axis tracking / solar tracking / concentrate / waste heat,inverter / lamps / street lights / lighting solutions,0.0005059448520111307
plug / charger / rechargeable / mobile phone,satellite / defense / cellular / helicopters,0.0005006257822277847
enforcement / search and rescue / border / emergency response,pilots / insurance / drone operators / drone management,0.0004978592054167082
cleaning / national grid / domestic properties / surplus electricity produced,flat panel / coatings / substrates / displays,0.0004962779156327543
Backup CLuster,thin film solar / crystalline silicon / yield / thin film photovoltaic,0.0004828585224529213
drone technology / supply chain management / food and beverage / supply chain,virtual / augmented reality / racing / vr,0.0004776689754000478
audio / cards / music / speakers,virtual / augmented reality / racing / vr,0.0004776689754000478
hot water / heat pumps / heating systems / solar thermal,solar panel installation / installation services / services solar panel / commercial projects,0.00047080979284369113
drone technology / supply chain management / food and beverage / supply chain,enforcement / search and rescue / border / emergency response,0.0004575263077626964
enforcement / search and rescue / border / emergency response,metal / aluminum / steel / roofing,0.0004518072289156626
audio / cards / music / speakers,satellite / defense / cellular / helicopters,0.00044676098287416236
Backup CLuster,inverter / lamps / street lights / lighting solutions,0.0004460303300624442
aerial vehicles / uavs / payload / fixed wing,mapping / analytics / imagery / crop,0.00043580580493332165
cleaning / national grid / domestic properties / surplus electricity produced,hot water / heat pumps / heating systems / solar thermal,0.00043459365493263795
hot water / heat pumps / heating systems / solar thermal,photovoltaic panels / voltaic / wafers / manufactures solar panels,0.00042800890258517377
hot water / heat pumps / heating systems / solar thermal,metal / aluminum / steel / roofing,0.000423728813559322
drone technology / supply chain management / food and beverage / supply chain,lithium / electric vehicles / electrochemical / wheels,0.0004219409282700422
artificial intelligence / robots / internet of things / computer vision,satellite / defense / cellular / helicopters,0.0004103967168262654
enforcement / search and rescue / border / emergency response,hot water / heat pumps / heating systems / solar thermal,0.00040841331427404537
audio / cards / music / speakers,photography / real estate / filming / imaging,0.0004083299305839118
inverter / lamps / street lights / lighting solutions,satellite / defense / cellular / helicopters,0.00039880358923230307
homeowners / bill / residential solar / incentives,hot water / heat pumps / heating systems / solar thermal,0.00039724576271186443
mapping / analytics / imagery / crop,satellite / defense / cellular / helicopters,0.00039478878799842083
aerial vehicles / uavs / payload / fixed wing,enforcement / search and rescue / border / emergency response,0.00039117508997027066
enforcement / search and rescue / border / emergency response,photography / real estate / filming / imaging,0.000388651379712398
axis tracking / solar tracking / concentrate / waste heat,cleaning / national grid / domestic properties / surplus electricity produced,0.0003827018752391887
hot water / heat pumps / heating systems / solar thermal,turbines / alternative energy / wind energy / grid tie,0.0003606202668589975
drone technology / supply chain management / food and beverage / supply chain,solar electric / solar pv / installs solar panels / offers solar panels,0.00035161744022503517
metal / aluminum / steel / roofing,solar panel installation / installation services / services solar panel / commercial projects,0.00034722222222222224
app / footage / iphone / smartphone,homeowners / bill / residential solar / incentives,0.00034340659340659343
inverter / lamps / street lights / lighting solutions,photovoltaic panels / voltaic / wafers / manufactures solar panels,0.000342407122068139
metal / aluminum / steel / roofing,photography / real estate / filming / imaging,0.0003360215053763441
enforcement / search and rescue / border / emergency response,solar panel installation / installation services / services solar panel / commercial projects,0.0003346720214190094
Backup CLuster,games / young / fun / digital marketing,0.00032661440836132883
cleaning / national grid / domestic properties / surplus electricity produced,drone technology / supply chain management / food and beverage / supply chain,0.0003245699448231094
flat panel / coatings / substrates / displays,lithium / electric vehicles / electrochemical / wheels,0.0003225806451612903
audio / cards / music / speakers,inverter / lamps / street lights / lighting solutions,0.00032181935207037116
pilots / insurance / drone operators / drone management,virtual / augmented reality / racing / vr,0.0003118665211289568
drone technology / supply chain management / food and beverage / supply chain,satellite / defense / cellular / helicopters,0.0002978406552494415
solar panel installation / installation services / services solar panel / commercial projects,turbines / alternative energy / wind energy / grid tie,0.0002955082742316785
lithium / electric vehicles / electrochemical / wheels,satellite / defense / cellular / helicopters,0.00029411764705882356
axis tracking / solar tracking / concentrate / waste heat,virtual / augmented reality / racing / vr,0.000281610813855252
axis tracking / solar tracking / concentrate / waste heat,metal / aluminum / steel / roofing,0.0002798507462686567
lithium / electric vehicles / electrochemical / wheels,pilots / insurance / drone operators / drone management,0.0002754820936639118
audio / cards / music / speakers,plug / charger / rechargeable / mobile phone,0.00026932399676811203
inverter / lamps / street lights / lighting solutions,metal / aluminum / steel / roofing,0.00026483050847457627
axis tracking / solar tracking / concentrate / waste heat,satellite / defense / cellular / helicopters,0.0002633889376646181
app / footage / iphone / smartphone,satellite / defense / cellular / helicopters,0.0002585649644473174
metal / aluminum / steel / roofing,photovoltaic panels / voltaic / wafers / manufactures solar panels,0.0002525252525252525
homeowners / bill / residential solar / incentives,photography / real estate / filming / imaging,0.00025201612903225806
drone technology / supply chain management / food and beverage / supply chain,flat panel / coatings / substrates / displays,0.0002449979583503471
games / young / fun / digital marketing,thin film solar / crystalline silicon / yield / thin film photovoltaic,0.00024399765762248682
audio / cards / music / speakers,metal / aluminum / steel / roofing,0.00023734177215189875
homeowners / bill / residential solar / incentives,photovoltaic panels / voltaic / wafers / manufactures solar panels,0.00023674242424242425
enforcement / search and rescue / border / emergency response,virtual / augmented reality / racing / vr,0.00022732439190725165
air conditioning / valves / cast iron / gauges,turbines / alternative energy / wind energy / grid tie,0.00022634676324128565
games / young / fun / digital marketing,plug / charger / rechargeable / mobile phone,0.00022634676324128565
photography / real estate / filming / imaging,solar electric / solar pv / installs solar panels / offers solar panels,0.00022401433691756272
aerial vehicles / uavs / payload / fixed wing,lithium / electric vehicles / electrochemical / wheels,0.00021645021645021648
audio / cards / music / speakers,lithium / electric vehicles / electrochemical / wheels,0.0002109704641350211
artificial intelligence / robots / internet of things / computer vision,enforcement / search and rescue / border / emergency response,0.00021014289717007564
games / young / fun / digital marketing,homeowners / bill / residential solar / incentives,0.00020777925531914894
drone technology / supply chain management / food and beverage / supply chain,games / young / fun / digital marketing,0.00020199299757608404
cleaning / national grid / domestic properties / surplus electricity produced,homeowners / bill / residential solar / incentives,0.00020032051282051281
metal / aluminum / steel / roofing,turbines / alternative energy / wind energy / grid tie,0.00019946808510638297
audio / cards / music / speakers,homeowners / bill / residential solar / incentives,0.00019778481012658228
air conditioning / valves / cast iron / gauges,thin film solar / crystalline silicon / yield / thin film photovoltaic,0.00019519812609798944
aerial vehicles / uavs / payload / fixed wing,axis tracking / solar tracking / concentrate / waste heat,0.00019383601473153714
aerial vehicles / uavs / payload / fixed wing,solar panel installation / installation services / services solar panel / commercial projects,0.00018037518037518038
axis tracking / solar tracking / concentrate / waste heat,enforcement / search and rescue / border / emergency response,0.0001798237727027513
lithium / electric vehicles / electrochemical / wheels,photography / real estate / filming / imaging,0.00017921146953405018
cleaning / national grid / domestic properties / surplus electricity produced,mapping / analytics / imagery / crop,0.00017208742040956805
drone technology / supply chain management / food and beverage / supply chain,mapping / analytics / imagery / crop,0.00016990909863223177
games / young / fun / digital marketing,turbines / alternative energy / wind energy / grid tie,0.00016976007243096422
air conditioning / valves / cast iron / gauges,homeowners / bill / residential solar / incentives,0.00016622340425531914
Backup CLuster,metal / aluminum / steel / roofing,0.0001644736842105263
enforcement / search and rescue / border / emergency response,mapping / analytics / imagery / crop,0.00016172070833670252
axis tracking / solar tracking / concentrate / waste heat,photography / real estate / filming / imaging,0.00016048788316482104
drone technology / supply chain management / food and beverage / supply chain,metal / aluminum / steel / roofing,0.00015822784810126583
games / young / fun / digital marketing,satellite / defense / cellular / helicopters,0.00015644555694618273
inverter / lamps / street lights / lighting solutions,thin film solar / crystalline silicon / yield / thin film photovoltaic,0.00015549681231534753
hot water / heat pumps / heating systems / solar thermal,thin film solar / crystalline silicon / yield / thin film photovoltaic,0.00015549681231534753
lithium / electric vehicles / electrochemical / wheels,thin film solar / crystalline silicon / yield / thin film photovoltaic,0.0001529051987767584
Backup CLuster,hot water / heat pumps / heating systems / solar thermal,0.0001486767766874814
plug / charger / rechargeable / mobile phone,solar electric / solar pv / installs solar panels / offers solar panels,0.00014775413711583924
air conditioning / valves / cast iron / gauges,solar electric / solar pv / installs solar panels / offers solar panels,0.00014775413711583924
app / footage / iphone / smartphone,mapping / analytics / imagery / crop,0.0001475035032082012
artificial intelligence / robots / internet of things / computer vision,audio / cards / music / speakers,0.00014718869590815426
games / young / fun / digital marketing,mapping / analytics / imagery / crop,0.0001427959445951735
hot water / heat pumps / heating systems / solar thermal,lithium / electric vehicles / electrochemical / wheels,0.00014124293785310735
app / footage / iphone / smartphone,drone technology / supply chain management / food and beverage / supply chain,0.00013910140492418975
aerial vehicles / uavs / payload / fixed wing,plug / charger / rechargeable / mobile phone,0.00013815971262779773
games / young / fun / digital marketing,metal / aluminum / steel / roofing,0.00013297872340425532
metal / aluminum / steel / roofing,plug / charger / rechargeable / mobile phone,0.00013297872340425532
flat panel / coatings / substrates / displays,photovoltaic panels / voltaic / wafers / manufactures solar panels,0.00013033561420658195
homeowners / bill / residential solar / incentives,lithium / electric vehicles / electrochemical / wheels,0.00013020833333333333
enforcement / search and rescue / border / emergency response,games / young / fun / digital marketing,0.0001281722635221738
air conditioning / valves / cast iron / gauges,satellite / defense / cellular / helicopters,0.00012515644555694618
axis tracking / solar tracking / concentrate / waste heat,homeowners / bill / residential solar / incentives,0.0001166044776119403
lithium / electric vehicles / electrochemical / wheels,solar electric / solar pv / installs solar panels / offers solar panels,0.00011574074074074075
pilots / insurance / drone operators / drone management,solar electric / solar pv / installs solar panels / offers solar panels,0.0001147842056932966
metal / aluminum / steel / roofing,thin film solar / crystalline silicon / yield / thin film photovoltaic,0.00011467889908256881
flat panel / coatings / substrates / displays,satellite / defense / cellular / helicopters,0.00011385199240986718
Backup CLuster,flat panel / coatings / substrates / displays,0.00011318619128466326
Backup CLuster,drone technology / supply chain management / food and beverage / supply chain,0.0001110370863868532
enforcement / search and rescue / border / emergency response,thin film solar / crystalline silicon / yield / thin film photovoltaic,0.00011053387863380126
photography / real estate / filming / imaging,photovoltaic panels / voltaic / wafers / manufactures solar panels,0.0001086130118388183
satellite / defense / cellular / helicopters,thin film solar / crystalline silicon / yield / thin film photovoltaic,0.00010793308148947653
drone technology / supply chain management / food and beverage / supply chain,inverter / lamps / street lights / lighting solutions,0.00010727311735679038
audio / cards / music / speakers,hot water / heat pumps / heating systems / solar thermal,0.00010727311735679038
axis tracking / solar tracking / concentrate / waste heat,solar electric / solar pv / installs solar panels / offers solar panels,0.00010364842454394693
Backup CLuster,satellite / defense / cellular / helicopters,0.00010319917440660474
drone technology / supply chain management / food and beverage / supply chain,homeowners / bill / residential solar / incentives,9.889240506329114e-05
homeowners / bill / residential solar / incentives,metal / aluminum / steel / roofing,9.765625e-05
thin film solar / crystalline silicon / yield / thin film photovoltaic,turbines / alternative energy / wind energy / grid tie,9.759906304899473e-05
pilots / insurance / drone operators / drone management,satellite / defense / cellular / helicopters,9.722897423432184e-05
axis tracking / solar tracking / concentrate / waste heat,flat panel / coatings / substrates / displays,9.629272989889263e-05
enforcement / search and rescue / border / emergency response,homeowners / bill / residential solar / incentives,9.412650602409639e-05
app / footage / iphone / smartphone,hot water / heat pumps / heating systems / solar thermal,9.312721177127958e-05
games / young / fun / digital marketing,inverter / lamps / street lights / lighting solutions,9.015506671474937e-05
artificial intelligence / robots / internet of things / computer vision,axis tracking / solar tracking / concentrate / waste heat,8.677542519958348e-05
flat panel / coatings / substrates / displays,mapping / analytics / imagery / crop,8.659883091578263e-05
aerial vehicles / uavs / payload / fixed wing,audio / cards / music / speakers,8.21962847279303e-05
audio / cards / music / speakers,flat panel / coatings / substrates / displays,8.166598611678236e-05
enforcement / search and rescue / border / emergency response,flat panel / coatings / substrates / displays,7.77302759424796e-05
hot water / heat pumps / heating systems / solar thermal,inverter / lamps / street lights / lighting solutions,7.181844297615628e-05
homeowners / bill / residential solar / incentives,thin film solar / crystalline silicon / yield / thin film photovoltaic,7.167431192660551e-05
hot water / heat pumps / heating systems / solar thermal,pilots / insurance / drone operators / drone management,7.003782042302843e-05
flat panel / coatings / substrates / displays,photography / real estate / filming / imaging,6.937218175511619e-05
aerial vehicles / uavs / payload / fixed wing,turbines / alternative energy / wind energy / grid tie,6.907985631389887e-05
solar electric / solar pv / installs solar panels / offers solar panels,thin film solar / crystalline silicon / yield / thin film photovoltaic,6.3710499490316e-05
photography / real estate / filming / imaging,satellite / defense / cellular / helicopters,6.325110689437066e-05
satellite / defense / cellular / helicopters,turbines / alternative energy / wind energy / grid tie,6.257822277847309e-05
mapping / analytics / imagery / crop,thin film solar / crystalline silicon / yield / thin film photovoltaic,6.157256326580875e-05
Backup CLuster,mapping / analytics / imagery / crop,5.887201224537854e-05
flat panel / coatings / substrates / displays,hot water / heat pumps / heating systems / solar thermal,5.467468562055768e-05
artificial intelligence / robots / internet of things / computer vision,thin film solar / crystalline silicon / yield / thin film photovoltaic,5.333902282910177e-05
flat panel / coatings / substrates / displays,pilots / insurance / drone operators / drone management,5.3319114902692615e-05
metal / aluminum / steel / roofing,pilots / insurance / drone operators / drone management,5.1652892561983477e-05
flat panel / coatings / substrates / displays,homeowners / bill / residential solar / incentives,5.040322580645161e-05
artificial intelligence / robots / internet of things / computer vision,inverter / lamps / street lights / lighting solutions,4.927079227433977e-05
homeowners / bill / residential solar / incentives,satellite / defense / cellular / helicopters,4.5955882352941176e-05
games / young / fun / digital marketing,hot water / heat pumps / heating systems / solar thermal,4.5077533357374686e-05
mapping / analytics / imagery / crop,metal / aluminum / steel / roofing,4.194630872483221e-05
satellite / defense / cellular / helicopters,solar electric / solar pv / installs solar panels / offers solar panels,4.0849673202614376e-05
artificial intelligence / robots / internet of things / computer vision,flat panel / coatings / substrates / displays,3.7509377344336085e-05
metal / aluminum / steel / roofing,satellite / defense / cellular / helicopters,3.6764705882352945e-05
artificial intelligence / robots / internet of things / computer vision,metal / aluminum / steel / roofing,3.633720930232558e-05
flat panel / coatings / substrates / displays,games / young / fun / digital marketing,3.4317089910775565e-05
